"","Casualty.Class","Age.of.Casualty","Weather.Conditions","Type.of.Vehicle","Casualty.Severity"
"1",2,16,2,9,2
"2",3,67,1,9,2
"3",1,56,1,9,3
"4",1,20,1,4,1
"5",1,46,1,9,3
"6",3,32,1,9,3
"7",3,25,1,9,3
"8",1,50,1,9,3
"9",3,64,1,9,3
"10",1,22,1,9,3
"11",2,21,2,9,3
"12",1,29,1,9,3
"13",1,24,1,9,3
"14",1,29,1,19,3
"15",3,5,1,9,3
"16",3,14,1,19,3
"17",1,33,1,9,3
"18",1,28,2,9,3
"19",1,38,1,9,3
"20",3,27,5,9,3
"21",1,60,7,9,3
"22",3,50,1,8,3
"23",1,40,2,9,3
"24",1,115,2,9,2
"25",1,48,1,9,3
"26",1,76,1,9,3
"27",1,22,1,9,3
"28",3,14,1,9,3
"29",1,26,1,9,2
"30",1,65,1,19,3
"31",3,32,1,9,3
"32",1,51,1,9,3
"33",1,67,1,9,3
"34",1,28,1,9,3
"35",1,34,1,9,3
"36",3,14,1,9,3
"37",3,13,1,9,3
"38",3,76,1,9,2
"39",3,45,1,3,3
"40",1,30,1,9,3
"41",1,35,3,9,3
"42",1,57,6,9,3
"43",1,26,3,9,3
"44",1,24,1,9,3
"45",1,68,1,9,2
"46",1,53,1,9,3
"47",3,11,1,9,3
"48",1,25,1,9,3
"49",3,39,1,8,2
"50",1,19,2,9,3
"51",1,74,2,9,3
"52",2,21,1,9,3
"53",1,30,2,3,2
"54",3,59,4,9,3
"55",2,17,1,9,3
"56",1,35,1,9,2
"57",1,46,1,9,3
"58",1,18,1,9,3
"59",2,48,1,9,3
"60",2,8,1,9,3
"61",1,53,1,9,3
"62",3,50,2,9,3
"63",3,45,1,21,3
"64",1,43,4,9,3
"65",1,22,1,9,3
"66",1,21,5,9,3
"67",1,57,1,9,3
"68",3,83,1,9,3
"69",2,19,1,9,3
"70",3,13,2,9,3
"71",1,46,1,9,3
"72",2,3,1,9,3
"73",1,40,1,2,2
"74",1,25,1,9,3
"75",1,29,1,19,3
"76",3,2,1,9,3
"77",1,48,1,9,2
"78",3,9,1,9,3
"79",1,34,1,9,3
"80",1,52,1,10,3
"81",2,9,1,9,3
"82",1,68,1,9,3
"83",1,26,1,9,2
"84",1,35,1,5,3
"85",1,18,1,9,3
"86",2,63,1,9,3
"87",1,45,1,9,3
"88",3,23,1,11,3
"89",1,29,1,19,3
"90",3,47,1,9,3
"91",1,42,1,9,3
"92",3,46,1,9,3
"93",1,58,1,9,2
"94",1,5,1,9,3
"95",1,29,1,9,3
"96",1,29,1,19,3
"97",2,17,2,8,3
"98",1,25,1,1,3
"99",1,33,1,9,3
"100",1,23,1,9,3
"101",1,59,1,9,3
"102",1,39,1,9,3
"103",1,20,1,9,3
"104",3,35,1,9,2
"105",1,14,1,1,3
"106",1,18,1,3,3
"107",1,21,1,1,2
"108",1,25,1,8,3
"109",3,33,1,9,3
"110",1,17,1,9,2
"111",1,78,1,9,3
"112",3,2,1,9,2
"113",1,44,1,9,3
"114",3,29,1,9,3
"115",1,22,1,9,3
"116",1,40,1,9,2
"117",1,23,1,9,3
"118",3,75,1,9,3
"119",2,36,1,9,3
"120",1,58,1,9,3
"121",1,39,1,9,3
"122",3,36,1,9,2
"123",1,28,1,9,3
"124",3,6,1,9,2
"125",2,44,1,8,3
"126",1,18,2,21,3
"127",1,23,5,9,3
"128",1,18,5,9,3
"129",1,75,1,9,3
"130",3,65,1,9,3
"131",1,63,1,9,3
"132",2,71,1,9,3
"133",1,84,1,9,3
"134",1,38,1,9,3
"135",1,71,1,9,3
"136",2,30,1,9,3
"137",1,37,1,4,3
"138",1,38,1,9,3
"139",1,20,1,19,3
"140",1,19,1,9,3
"141",3,57,1,9,1
"142",1,26,1,9,3
"143",2,38,1,9,3
"144",3,64,1,9,2
"145",1,58,1,9,3
"146",3,93,1,9,2
"147",3,13,1,9,3
"148",3,14,1,9,3
"149",1,30,1,9,3
"150",1,25,2,9,3
"151",1,7,1,9,3
"152",1,6,2,9,3
"153",1,49,1,1,3
"154",1,23,1,9,2
"155",1,48,1,9,2
"156",1,39,1,1,3
"157",3,10,1,9,3
"158",1,30,1,9,3
"159",1,43,1,19,3
"160",3,41,1,8,3
"161",1,20,1,9,3
"162",2,44,1,9,3
"163",1,54,1,9,3
"164",1,40,8,9,3
"165",3,3,1,9,3
"166",1,18,1,3,3
"167",1,14,1,1,3
"168",3,5,1,19,3
"169",2,18,1,9,3
"170",3,4,1,9,3
"171",1,35,1,9,3
"172",3,14,1,9,3
"173",1,21,1,9,3
"174",1,31,1,9,3
"175",1,9,1,9,3
"176",1,35,1,9,3
"177",1,63,1,9,2
"178",1,38,1,9,3
"179",1,29,1,9,3
"180",1,26,1,9,3
"181",1,38,1,9,3
"182",1,49,1,8,3
"183",1,51,2,9,3
"184",1,7,1,19,3
"185",1,47,1,19,3
"186",1,44,1,5,2
"187",2,72,1,9,3
"188",1,31,2,9,3
"189",3,49,1,9,3
"190",1,37,2,9,3
"191",1,51,1,9,3
"192",1,37,1,1,3
"193",3,80,1,8,3
"194",1,50,1,8,3
"195",1,49,1,11,2
"196",1,47,1,9,3
"197",1,62,1,9,2
"198",1,34,1,8,3
"199",1,17,1,3,3
"200",1,34,1,9,3
"201",1,49,4,9,3
"202",3,8,1,9,3
"203",1,60,1,9,2
"204",3,39,1,9,3
"205",1,55,1,9,3
"206",3,24,1,9,2
"207",3,27,1,9,2
"208",1,46,1,9,3
"209",1,46,1,9,3
"210",1,52,1,5,2
"211",1,20,1,3,3
"212",1,52,1,9,3
"213",1,62,1,5,3
"214",2,10,1,9,3
"215",1,20,1,4,3
"216",1,24,1,9,3
"217",1,44,1,11,3
"218",1,46,1,9,3
"219",1,56,1,3,2
"220",1,41,2,9,3
"221",1,45,1,9,3
"222",1,61,1,9,3
"223",1,23,2,9,3
"224",1,30,2,9,3
"225",1,53,1,9,3
"226",3,9,1,9,3
"227",1,54,2,9,3
"228",3,58,1,9,3
"229",1,61,2,9,3
"230",1,22,2,1,3
"231",1,31,2,9,3
"232",2,64,2,9,3
"233",1,31,1,9,2
"234",1,21,1,9,3
"235",2,82,1,9,3
"236",1,9,1,1,3
"237",1,36,1,4,3
"238",1,24,1,9,2
"239",1,16,1,9,2
"240",1,12,1,9,3
"241",1,25,2,3,3
"242",3,13,1,9,3
"243",1,23,2,9,2
"244",2,86,1,9,3
"245",1,36,1,9,3
"246",3,63,1,11,3
"247",1,60,1,1,3
"248",1,17,1,3,2
"249",3,8,1,9,2
"250",3,32,1,9,3
"251",1,22,1,9,2
"252",3,16,5,9,3
"253",1,47,1,5,3
"254",1,17,1,9,3
"255",1,49,1,9,3
"256",1,38,1,9,3
"257",1,90,1,9,3
"258",1,31,1,9,3
"259",1,42,1,5,1
"260",1,32,1,21,3
"261",1,41,1,1,2
"262",1,25,1,9,3
"263",1,64,1,9,3
"264",3,56,1,19,3
"265",1,32,1,9,3
"266",1,27,1,9,3
"267",1,62,1,9,3
"268",1,43,1,9,3
"269",3,87,1,9,3
"270",3,32,1,9,3
"271",1,33,1,9,3
"272",2,29,1,9,3
"273",2,27,1,8,3
"274",2,56,1,9,3
"275",1,24,1,9,3
"276",3,15,1,19,2
"277",2,30,1,9,3
"278",1,41,1,9,3
"279",1,33,1,9,3
"280",3,25,1,9,3
"281",1,34,1,9,3
"282",1,28,1,9,3
"283",3,42,1,9,3
"284",2,5,1,19,3
"285",1,23,1,9,3
"286",3,30,1,9,3
"287",1,19,1,9,2
"288",1,64,1,21,3
"289",3,27,1,9,3
"290",3,17,1,19,3
"291",1,40,1,9,3
"292",1,25,1,9,3
"293",2,25,1,9,3
"294",1,27,1,1,3
"295",1,26,1,9,2
"296",1,56,1,9,3
"297",1,61,1,9,3
"298",1,62,1,9,3
"299",2,47,1,19,2
"300",1,38,1,9,3
"301",1,51,2,9,3
"302",1,37,1,9,3
"303",1,66,1,9,3
"304",3,14,1,9,3
"305",1,27,1,3,3
"306",1,35,1,9,3
"307",3,6,1,9,3
"308",3,75,1,97,3
"309",3,10,1,9,3
"310",1,73,1,9,3
"311",1,44,1,9,3
"312",2,12,1,9,2
"313",1,60,1,9,3
"314",1,18,1,19,3
"315",1,88,1,9,2
"316",1,35,1,9,3
"317",1,67,1,9,3
"318",2,50,1,9,3
"319",3,15,1,8,3
"320",1,83,1,9,3
"321",1,46,8,9,3
"322",1,36,1,8,3
"323",3,14,1,9,3
"324",1,58,1,9,3
"325",2,23,1,9,2
"326",1,67,1,9,3
"327",3,15,1,9,3
"328",3,49,2,11,1
"329",1,38,1,1,3
"330",1,72,1,9,2
"331",2,74,1,9,3
"332",1,88,1,9,3
"333",1,31,1,9,2
"334",3,9,1,9,3
"335",1,24,1,9,2
"336",1,28,1,9,3
"337",3,27,1,8,3
"338",1,87,1,9,3
"339",1,23,1,9,3
"340",3,65,2,9,3
"341",1,24,2,1,3
"342",1,26,1,3,3
"343",1,82,1,9,3
"344",1,32,1,21,3
"345",1,25,2,9,3
"346",3,34,1,9,3
"347",3,36,1,19,3
"348",1,27,1,2,2
"349",1,63,1,9,3
"350",1,55,1,1,1
"351",3,87,1,21,2
"352",1,29,1,9,3
"353",3,60,1,9,3
"354",2,29,3,8,3
"355",1,18,3,9,3
"356",1,33,1,90,2
"357",1,23,9,9,3
"358",3,33,1,9,3
"359",2,16,1,8,3
"360",2,11,1,8,3
"361",2,12,1,8,3
"362",1,47,1,9,3
"363",2,30,1,9,3
"364",3,25,1,9,3
"365",3,49,5,9,3
"366",1,27,5,3,3
"367",1,20,9,9,3
"368",3,66,9,9,3
"369",2,31,6,9,3
"370",3,16,1,9,3
"371",1,55,1,9,3
"372",3,5,9,9,3
"373",1,55,5,9,3
"374",1,55,9,9,3
"375",1,55,2,1,3
"376",1,19,1,3,3
"377",1,54,1,9,2
"378",3,50,9,9,3
"379",1,21,1,9,3
"380",2,26,1,9,3
"381",3,13,1,9,3
"382",1,74,1,19,3
"383",1,18,2,9,3
"384",2,26,1,9,3
"385",1,37,1,9,3
"386",2,36,1,9,3
"387",1,34,1,9,3
"388",1,24,2,1,3
"389",1,33,2,9,3
"390",1,46,1,9,2
"391",1,32,2,9,3
"392",1,36,1,8,3
"393",1,19,1,9,2
"394",1,30,5,9,3
"395",1,41,1,9,3
"396",2,60,1,9,3
"397",2,7,1,9,3
"398",2,9,1,9,3
"399",1,44,1,9,3
"400",1,41,1,5,2
"401",3,29,1,9,3
"402",1,45,1,1,3
"403",1,35,1,9,3
"404",3,29,1,9,3
"405",3,3,1,9,3
"406",1,41,1,9,3
"407",1,38,1,9,3
"408",1,19,1,9,3
"409",2,70,1,9,3
"410",2,18,1,9,3
"411",1,55,1,9,3
"412",1,19,1,9,3
"413",2,23,1,9,2
"414",1,51,1,5,3
"415",2,4,2,9,2
"416",1,23,2,9,3
"417",1,53,2,9,3
"418",2,11,2,9,3
"419",2,52,2,9,3
"420",2,12,2,9,3
"421",1,35,2,9,3
"422",2,6,2,9,3
"423",1,47,6,9,3
"424",1,48,3,9,3
"425",1,23,9,9,3
"426",1,51,1,9,3
"427",1,39,1,19,3
"428",1,35,1,9,3
"429",1,19,9,9,3
"430",2,21,9,9,3
"431",1,57,3,9,3
"432",1,36,3,1,3
"433",1,40,3,9,3
"434",3,12,1,9,3
"435",1,25,1,9,3
"436",3,67,1,9,3
"437",1,64,1,9,3
"438",1,57,1,20,3
"439",3,55,1,20,3
"440",1,33,1,9,3
"441",3,11,2,9,3
"442",1,48,9,9,3
"443",1,35,1,9,3
"444",3,7,1,9,3
"445",2,25,1,9,3
"446",1,22,1,9,3
"447",2,21,1,9,3
"448",1,34,1,19,3
"449",2,24,9,19,3
"450",1,21,1,9,3
"451",3,26,1,9,3
"452",1,88,1,9,2
"453",1,24,1,9,3
"454",2,23,1,9,3
"455",1,72,1,9,3
"456",1,21,1,9,3
"457",2,21,1,9,3
"458",3,93,1,9,2
"459",1,41,1,1,3
"460",1,36,1,5,2
"461",3,7,1,9,3
"462",1,79,1,9,3
"463",1,27,8,9,3
"464",2,36,8,9,3
"465",1,59,1,9,3
"466",2,10,1,9,3
"467",3,14,8,9,2
"468",1,49,2,4,3
"469",1,50,1,1,3
"470",1,33,5,9,3
"471",2,26,5,9,3
"472",1,39,1,9,3
"473",1,36,3,9,3
"474",1,35,1,9,3
"475",1,35,1,9,3
"476",2,35,1,9,3
"477",3,36,1,9,3
"478",3,22,1,9,2
"479",1,47,1,9,3
"480",2,46,1,9,3
"481",2,16,1,9,3
"482",1,32,1,9,3
"483",2,62,1,9,3
"484",2,62,1,9,3
"485",1,70,1,9,3
"486",2,70,1,9,3
"487",3,77,2,8,3
"488",1,49,1,21,3
"489",3,14,1,9,3
"490",1,32,1,9,3
"491",3,54,1,21,3
"492",3,4,1,9,3
"493",3,37,2,9,2
"494",1,44,2,9,3
"495",1,23,2,9,3
"496",2,19,1,9,2
"497",2,15,1,9,2
"498",2,25,1,9,2
"499",1,46,1,9,3
"500",1,46,1,5,1
"501",1,43,1,1,3
"502",3,4,1,9,3
"503",1,25,1,9,3
"504",1,53,1,5,2
"505",1,50,1,1,3
"506",3,55,1,9,3
"507",1,21,1,3,2
"508",1,26,1,9,3
"509",1,38,1,9,3
"510",1,74,1,5,2
"511",1,37,1,9,3
"512",1,45,1,8,3
"513",1,51,1,9,3
"514",1,24,1,9,3
"515",1,34,1,9,3
"516",2,20,1,9,3
"517",1,57,1,9,3
"518",1,62,1,9,3
"519",1,41,1,9,3
"520",1,23,1,9,3
"521",1,40,1,8,3
"522",2,51,1,9,3
"523",1,37,1,1,3
"524",1,27,1,9,3
"525",1,31,1,20,3
"526",1,59,1,1,3
"527",3,14,1,9,3
"528",3,60,1,9,3
"529",1,30,1,9,3
"530",3,51,1,9,3
"531",1,54,1,9,3
"532",3,43,1,9,3
"533",1,26,1,9,3
"534",1,29,1,9,3
"535",3,11,1,9,2
"536",1,31,1,9,3
"537",1,22,1,9,3
"538",3,25,1,5,3
"539",1,24,1,5,3
"540",2,22,1,5,3
"541",1,24,1,9,3
"542",1,27,1,9,3
"543",3,40,1,9,3
"544",2,19,1,9,3
"545",1,30,1,1,3
"546",3,6,1,9,3
"547",1,40,2,1,3
"548",1,50,1,5,3
"549",1,79,1,9,3
"550",1,73,1,9,3
"551",1,64,1,9,3
"552",1,55,1,9,3
"553",3,20,1,9,2
"554",1,19,1,2,3
"555",1,24,1,9,3
"556",1,24,1,9,3
"557",1,42,1,9,3
"558",2,9,1,9,3
"559",1,32,1,9,3
"560",2,11,1,9,3
"561",3,32,1,19,3
"562",1,48,1,9,3
"563",1,20,1,9,3
"564",1,57,1,5,3
"565",1,13,1,1,3
"566",1,83,1,9,3
"567",2,79,1,9,3
"568",1,34,1,9,3
"569",1,31,1,19,3
"570",1,42,1,9,3
"571",3,35,1,9,3
"572",1,19,1,9,3
"573",2,62,1,9,3
"574",2,1,1,9,3
"575",1,52,1,9,3
"576",3,45,1,9,3
"577",1,26,1,9,3
"578",3,23,1,9,3
"579",3,24,1,9,3
"580",3,25,1,9,3
"581",1,20,2,9,2
"582",2,37,2,9,2
"583",2,21,2,9,3
"584",2,25,2,9,3
"585",2,19,2,9,3
"586",1,40,2,9,2
"587",1,18,1,9,3
"588",2,16,1,9,3
"589",2,74,1,9,2
"590",1,44,1,1,3
"591",2,65,1,9,3
"592",1,68,1,9,3
"593",1,46,1,9,3
"594",1,65,1,1,3
"595",3,75,2,8,3
"596",1,20,2,2,2
"597",3,8,2,9,3
"598",1,45,1,9,3
"599",2,45,1,9,3
"600",1,26,1,1,3
"601",1,46,1,1,3
"602",1,60,1,5,3
"603",3,15,1,9,2
"604",1,20,1,9,3
"605",2,21,1,9,3
"606",1,28,1,19,3
"607",1,16,1,23,3
"608",1,37,1,9,3
"609",2,10,1,9,3
"610",2,12,1,9,3
"611",3,1,1,8,2
"612",3,36,1,8,3
"613",1,63,2,9,3
"614",2,25,2,9,3
"615",2,65,2,9,3
"616",2,25,1,9,3
"617",3,100,1,9,3
"618",2,31,1,8,3
"619",2,27,1,8,3
"620",2,9,1,8,3
"621",2,7,1,8,3
"622",2,1,1,8,3
"623",2,54,1,8,3
"624",1,36,1,9,3
"625",1,37,1,9,3
"626",2,27,1,9,3
"627",1,31,1,9,3
"628",2,24,1,9,3
"629",1,90,1,9,3
"630",3,24,1,9,2
"631",1,20,1,9,3
"632",1,44,1,1,3
"633",1,54,1,1,3
"634",3,16,2,9,3
"635",3,92,1,9,2
"636",1,34,1,9,3
"637",3,79,1,19,3
"638",1,67,1,9,3
"639",1,39,1,9,3
"640",3,21,2,9,2
"641",3,6,1,9,3
"642",2,26,1,19,3
"643",1,27,1,9,3
"644",1,21,1,3,3
"645",1,30,2,9,3
"646",2,53,1,11,3
"647",3,52,2,9,2
"648",2,40,1,9,3
"649",1,42,2,9,3
"650",1,75,1,4,2
"651",1,10,1,1,2
"652",1,76,1,9,3
"653",2,21,1,9,3
"654",1,45,1,3,3
"655",1,11,1,1,3
"656",1,53,1,9,3
"657",2,19,1,9,3
"658",1,53,1,8,3
"659",1,51,5,21,3
"660",1,35,5,11,2
"661",2,22,5,11,2
"662",2,2,1,9,3
"663",2,6,1,9,3
"664",1,43,1,9,3
"665",1,32,1,1,1
"666",1,61,1,1,2
"667",1,38,1,9,3
"668",2,49,1,11,3
"669",2,20,1,19,3
"670",2,36,1,9,3
"671",2,7,1,9,3
"672",2,8,1,9,3
"673",2,12,1,9,3
"674",3,36,1,4,3
"675",3,31,1,9,3
"676",3,1,1,9,3
"677",1,49,1,9,3
"678",1,26,1,19,2
"679",2,15,1,19,3
"680",1,43,1,8,3
"681",2,20,1,19,3
"682",1,22,1,9,3
"683",1,44,2,9,3
"684",1,33,1,9,3
"685",1,37,1,9,3
"686",1,27,1,9,3
"687",1,53,1,9,3
"688",1,68,1,9,3
"689",1,21,2,9,3
"690",1,24,1,9,3
"691",2,2,1,9,3
"692",2,20,1,9,3
"693",2,17,1,9,3
"694",3,20,1,9,2
"695",1,20,1,9,3
"696",2,27,1,9,3
"697",1,46,1,5,3
"698",1,34,1,9,2
"699",2,20,1,9,2
"700",2,24,1,9,2
"701",1,14,1,1,2
"702",1,20,1,9,3
"703",2,14,1,9,3
"704",1,21,2,5,1
"705",1,37,1,9,3
"706",1,50,1,22,3
"707",3,64,1,2,3
"708",3,38,2,8,2
"709",1,51,1,1,2
"710",1,35,1,5,3
"711",2,13,1,11,3
"712",2,34,1,11,3
"713",2,17,1,11,3
"714",2,60,1,11,3
"715",3,48,1,11,3
"716",1,51,1,3,3
"717",1,32,1,19,3
"718",1,27,2,9,3
"719",1,23,1,9,3
"720",1,20,1,9,3
"721",2,18,1,9,3
"722",1,12,1,2,3
"723",1,13,1,2,3
"724",1,34,9,9,3
"725",1,26,1,9,2
"726",2,25,1,9,2
"727",1,54,1,9,2
"728",1,40,1,9,3
"729",1,46,1,9,3
"730",3,50,2,19,3
"731",1,36,1,9,3
"732",2,19,1,9,3
"733",2,15,1,9,3
"734",1,49,1,9,2
"735",2,28,1,9,2
"736",1,58,1,9,3
"737",1,45,1,9,3
"738",2,30,1,9,3
"739",2,24,1,9,3
"740",3,32,1,9,3
"741",1,28,1,17,3
"742",1,37,2,9,3
"743",2,36,2,9,3
"744",1,26,2,9,3
"745",3,60,2,9,2
"746",1,85,1,9,3
"747",1,30,1,9,1
"748",2,26,1,9,1
"749",2,65,1,11,3
"750",3,61,1,8,3
"751",3,55,1,9,3
"752",2,9,1,9,3
"753",1,28,1,9,2
"754",2,19,1,9,2
"755",1,35,1,9,3
"756",1,47,1,5,3
"757",1,14,1,1,3
"758",1,52,1,1,3
"759",1,60,1,1,3
"760",1,14,1,1,3
"761",1,52,1,9,3
"762",2,55,1,9,3
"763",3,1,1,9,3
"764",1,26,1,9,3
"765",1,55,1,1,3
"766",1,63,1,9,3
"767",3,11,1,9,3
"768",1,56,1,9,3
"769",3,19,1,19,3
"770",1,16,2,2,3
"771",1,55,1,9,3
"772",1,37,1,1,2
"773",1,18,1,9,1
"774",2,72,1,9,3
"775",3,24,1,9,3
"776",1,18,1,9,3
"777",3,43,1,9,3
"778",2,11,8,9,3
"779",3,35,1,9,3
"780",1,51,1,1,3
"781",3,13,1,9,3
"782",1,23,1,9,3
"783",1,23,1,3,3
"784",3,5,1,10,3
"785",1,28,1,9,3
"786",2,62,1,9,3
"787",1,54,1,9,3
"788",2,48,1,9,3
"789",1,38,1,19,3
"790",2,29,1,9,3
"791",2,25,1,9,3
"792",1,86,1,9,3
"793",1,22,1,9,3
"794",2,24,1,9,3
"795",3,51,2,9,3
"796",1,48,1,9,3
"797",2,10,1,9,3
"798",2,32,1,9,3
"799",2,20,1,8,3
"800",1,72,1,9,3
"801",1,78,1,9,3
"802",1,46,1,1,2
"803",1,79,1,9,3
"804",1,49,1,9,3
"805",1,33,1,4,3
"806",2,35,1,9,3
"807",1,20,1,9,3
"808",3,40,1,9,3
"809",3,25,1,19,3
"810",2,64,1,11,3
"811",3,27,1,9,3
"812",2,52,1,9,3
"813",1,21,1,3,2
"814",1,41,1,9,3
"815",1,44,1,9,3
"816",3,74,1,9,3
"817",1,58,3,8,3
"818",3,36,1,9,3
"819",3,22,1,9,3
"820",2,82,1,9,3
"821",1,25,1,9,3
"822",1,38,1,9,3
"823",2,15,1,9,3
"824",1,19,1,9,3
"825",1,54,1,1,3
"826",1,50,1,9,3
"827",1,22,1,9,3
"828",1,24,1,1,3
"829",1,48,1,9,3
"830",2,49,1,9,3
"831",2,17,1,9,3
"832",1,26,2,3,3
"833",3,24,5,9,3
"834",1,47,1,9,3
"835",2,16,1,9,3
"836",1,30,1,9,3
"837",3,33,1,9,3
"838",3,69,1,9,3
"839",1,41,1,1,3
"840",1,61,1,5,3
"841",1,81,1,9,3
"842",3,52,1,21,2
"843",1,87,1,9,3
"844",2,87,1,9,2
"845",3,39,1,90,3
"846",1,48,1,19,3
"847",1,40,1,19,3
"848",3,82,1,9,2
"849",1,66,1,19,3
"850",1,45,1,9,3
"851",1,36,1,1,3
"852",2,29,1,9,2
"853",1,39,1,9,2
"854",1,29,1,9,2
"855",3,72,1,9,3
"856",1,43,1,9,3
"857",1,38,1,8,3
"858",2,33,1,9,3
"859",1,80,1,9,1
"860",3,82,1,9,3
"861",1,38,1,9,3
"862",1,29,1,1,3
"863",2,36,7,9,2
"864",3,21,1,9,3
"865",1,35,1,9,3
"866",2,49,1,9,3
"867",2,7,1,9,3
"868",2,18,1,9,3
"869",1,43,1,9,3
"870",1,51,1,9,3
"871",2,45,1,9,3
"872",3,72,1,9,2
"873",1,29,1,9,1
"874",1,53,1,9,3
"875",2,59,1,9,3
"876",1,50,1,5,3
"877",3,15,1,9,3
"878",1,32,1,8,3
"879",1,33,1,5,3
"880",1,34,1,9,3
"881",1,17,1,3,3
"882",1,17,1,3,3
"883",3,82,1,8,3
"884",1,22,5,9,3
"885",3,26,2,8,2
"886",1,43,2,9,3
"887",2,15,2,9,3
"888",2,26,1,8,2
"889",1,66,1,8,2
"890",1,27,2,9,3
"891",1,18,1,1,3
"892",1,19,1,1,3
"893",2,2,2,8,3
"894",1,64,1,21,2
"895",1,29,1,9,3
"896",1,64,1,9,2
"897",1,44,5,9,3
"898",2,44,6,9,3
"899",2,22,6,9,3
"900",2,8,6,9,3
"901",2,20,6,9,3
"902",1,18,1,9,3
"903",1,30,5,9,3
"904",1,32,5,9,3
"905",2,83,1,9,3
"906",1,42,1,8,3
"907",2,20,1,8,3
"908",1,82,1,9,2
"909",3,13,1,9,2
"910",3,66,2,9,3
"911",1,44,1,9,3
"912",1,38,1,9,3
"913",1,29,8,9,3
"914",1,29,8,9,3
"915",1,26,3,9,3
"916",1,34,5,9,2
"917",1,27,5,9,3
"918",2,33,5,9,3
"919",1,45,1,9,3
"920",3,57,1,9,3
"921",1,18,1,9,3
"922",2,17,1,9,3
"923",2,16,1,9,3
"924",3,13,4,9,3
"925",3,37,4,9,3
"926",3,16,5,9,3
"927",1,50,1,1,2
"928",1,45,1,9,3
"929",1,64,1,9,3
"930",3,79,1,9,3
"931",1,23,1,1,3
"932",1,68,1,9,3
"933",3,69,1,20,3
"934",1,48,1,9,3
"935",1,40,1,9,3
"936",2,7,1,9,3
"937",2,3,1,9,3
"938",2,36,1,9,3
"939",1,42,1,9,3
"940",1,47,1,9,3
"941",3,85,1,9,3
"942",1,66,1,9,2
"943",2,67,1,9,3
"944",1,33,1,9,3
"945",1,28,1,21,3
"946",2,44,1,9,1
"947",1,34,1,9,2
"948",1,46,1,9,3
"949",2,52,1,9,3
"950",2,14,1,9,3
"951",2,15,1,9,3
"952",1,68,1,9,3
"953",1,34,1,9,3
"954",1,47,1,9,3
"955",1,29,1,3,3
"956",3,76,1,9,3
"957",1,39,1,9,3
"958",3,76,1,9,2
"959",1,36,1,9,3
"960",1,45,1,9,3
"961",1,45,1,9,3
"962",1,48,1,9,3
"963",1,45,1,9,3
"964",1,22,2,9,3
"965",2,14,2,9,3
"966",3,42,6,9,3
"967",1,58,1,9,3
"968",1,27,1,1,3
"969",2,5,1,9,3
"970",3,61,1,9,2
"971",3,9,1,9,3
"972",2,25,1,9,2
"973",1,57,1,9,3
"974",3,70,1,9,3
"975",1,42,1,3,3
"976",1,82,1,9,2
"977",3,20,1,9,3
"978",3,29,1,9,3
"979",1,51,2,9,3
"980",1,23,1,9,3
"981",2,10,2,9,3
"982",2,10,1,9,3
"983",1,49,1,1,3
"984",1,32,1,9,3
"985",2,4,1,9,3
"986",3,48,2,9,1
"987",1,34,1,9,3
"988",3,18,1,9,3
"989",1,22,1,4,2
"990",1,36,1,9,3
"991",1,71,1,9,2
"992",3,32,1,9,3
"993",1,55,1,4,2
"994",1,61,1,4,3
"995",3,12,1,9,3
"996",1,17,1,1,3
"997",3,84,1,9,3
"998",1,49,1,1,3
"999",1,24,1,9,3
"1000",1,40,1,9,3
"1001",3,46,2,9,2
"1002",1,66,2,1,2
"1003",3,23,1,9,3
"1004",1,65,5,9,3
"1005",2,54,5,9,3
"1006",3,37,2,8,3
"1007",1,45,2,5,3
"1008",2,29,1,9,3
"1009",1,67,1,9,3
"1010",1,84,2,9,3
"1011",2,24,1,9,3
"1012",3,48,1,9,2
"1013",3,3,1,9,2
"1014",1,32,1,90,2
"1015",1,25,1,3,2
"1016",3,30,1,9,3
"1017",1,19,1,1,2
"1018",1,9,1,1,3
"1019",1,35,1,9,3
"1020",2,27,1,9,3
"1021",3,8,1,9,2
"1022",1,25,1,9,3
"1023",2,23,1,9,3
"1024",2,24,1,9,3
"1025",1,18,1,3,3
"1026",1,51,1,1,3
"1027",1,32,1,9,3
"1028",1,10,1,90,3
"1029",1,28,1,2,3
"1030",1,39,1,9,3
"1031",1,24,1,9,3
"1032",1,28,1,1,3
"1033",3,13,1,9,3
"1034",1,27,1,9,3
"1035",1,31,1,9,3
"1036",1,17,2,3,3
"1037",1,25,1,9,3
"1038",2,32,1,8,3
"1039",1,34,1,8,3
"1040",2,32,1,9,3
"1041",2,22,1,9,3
"1042",2,20,1,9,3
"1043",1,29,1,3,3
"1044",1,16,1,1,3
"1045",1,19,1,1,3
"1046",1,23,1,9,3
"1047",2,23,1,9,3
"1048",2,19,1,9,3
"1049",1,20,1,9,3
"1050",3,64,2,9,3
"1051",1,30,2,19,3
"1052",2,43,2,9,3
"1053",1,31,2,9,3
"1054",1,22,1,9,3
"1055",1,20,1,9,3
"1056",1,32,1,3,3
"1057",1,22,1,9,3
"1058",1,42,1,8,3
"1059",1,19,1,3,3
"1060",1,24,1,9,3
"1061",1,41,5,9,3
"1062",1,43,1,1,3
"1063",1,60,1,9,3
"1064",1,48,1,1,3
"1065",1,25,1,9,3
"1066",1,39,1,9,3
"1067",3,74,1,9,3
"1068",1,14,1,1,3
"1069",1,53,1,9,3
"1070",1,81,1,9,1
"1071",1,45,1,9,3
"1072",3,11,1,9,2
"1073",2,2,1,90,2
"1074",3,8,1,9,3
"1075",2,29,1,9,3
"1076",1,39,1,9,3
"1077",3,66,1,9,3
"1078",1,18,1,9,3
"1079",2,19,1,9,3
"1080",2,17,1,9,3
"1081",1,54,1,9,3
"1082",1,44,1,9,3
"1083",1,27,1,5,2
"1084",3,25,1,8,3
"1085",1,21,1,9,3
"1086",1,23,1,3,3
"1087",1,23,1,9,3
"1088",2,18,1,9,3
"1089",1,57,1,9,3
"1090",1,34,1,9,3
"1091",3,19,2,8,3
"1092",1,53,1,5,3
"1093",1,53,1,9,3
"1094",1,23,1,9,3
"1095",1,19,2,9,3
"1096",1,20,2,9,3
"1097",1,42,5,9,3
"1098",1,41,5,9,3
"1099",1,37,5,9,3
"1100",1,22,5,9,3
"1101",1,35,1,5,3
"1102",1,47,1,9,3
"1103",2,27,1,9,3
"1104",2,25,1,9,3
"1105",2,60,1,9,3
"1106",2,44,1,9,3
"1107",2,10,1,9,3
"1108",1,34,1,9,2
"1109",1,40,1,9,3
"1110",1,25,1,1,2
"1111",3,9,1,9,2
"1112",1,49,1,21,3
"1113",1,24,1,4,2
"1114",1,42,1,3,3
"1115",1,43,1,1,3
"1116",1,19,1,1,3
"1117",1,28,1,9,3
"1118",2,29,1,9,3
"1119",1,52,1,21,3
"1120",2,24,1,9,3
"1121",1,42,1,1,2
"1122",1,42,1,19,3
"1123",1,60,1,19,3
"1124",2,3,1,11,3
"1125",1,52,2,9,3
"1126",1,25,2,9,3
"1127",3,30,2,9,3
"1128",1,50,1,8,3
"1129",2,44,1,8,3
"1130",1,28,1,9,3
"1131",1,51,4,1,3
"1132",3,30,1,9,3
"1133",1,36,1,9,3
"1134",1,20,1,17,3
"1135",2,22,1,8,3
"1136",1,17,1,4,2
"1137",1,35,1,9,3
"1138",2,74,1,9,3
"1139",1,18,1,3,3
"1140",1,71,1,9,3
"1141",1,45,1,1,2
"1142",2,24,1,9,3
"1143",2,34,1,9,3
"1144",1,38,1,9,2
"1145",2,19,1,9,2
"1146",2,35,1,9,2
"1147",1,22,1,9,2
"1148",2,20,1,9,2
"1149",2,17,1,9,2
"1150",3,42,1,9,3
"1151",2,16,1,9,1
"1152",2,28,1,9,3
"1153",1,22,1,9,2
"1154",1,46,1,3,3
"1155",2,50,1,9,3
"1156",1,57,1,9,3
"1157",1,47,1,9,3
"1158",3,86,1,21,3
"1159",1,32,1,3,3
"1160",2,9,1,9,3
"1161",1,35,1,1,3
"1162",1,46,1,9,3
"1163",1,49,1,9,2
"1164",1,21,1,4,3
"1165",3,41,1,9,2
"1166",2,51,1,9,2
"1167",1,62,1,9,3
"1168",1,44,1,9,3
"1169",3,7,1,9,3
"1170",1,56,1,9,3
"1171",1,48,1,9,2
"1172",2,30,1,9,2
"1173",1,33,1,9,2
"1174",3,14,2,9,3
"1175",3,8,1,9,2
"1176",3,42,1,21,3
"1177",1,21,1,1,3
"1178",1,55,1,9,3
"1179",1,45,1,9,3
"1180",1,65,1,9,3
"1181",1,37,1,9,3
"1182",1,65,1,9,2
"1183",1,47,1,9,3
"1184",1,25,1,9,3
"1185",1,36,1,9,3
"1186",1,59,1,1,3
"1187",1,54,1,3,2
"1188",1,32,1,9,3
"1189",2,19,1,9,3
"1190",1,57,1,9,3
"1191",1,46,1,9,3
"1192",1,31,1,9,3
"1193",1,37,1,3,3
"1194",1,41,1,9,2
"1195",3,11,1,9,3
"1196",3,25,1,9,3
"1197",1,39,1,9,3
"1198",3,24,1,9,2
"1199",3,55,1,9,3
"1200",3,13,1,90,2
"1201",2,39,2,9,3
"1202",1,17,2,3,3
"1203",1,18,1,1,2
"1204",1,58,1,5,3
"1205",1,30,1,1,2
"1206",1,83,1,9,3
"1207",2,34,1,9,2
"1208",2,45,1,9,3
"1209",1,54,1,9,3
"1210",1,18,1,3,3
"1211",1,37,1,4,3
"1212",2,26,2,9,3
"1213",2,19,1,9,3
"1214",1,57,1,9,3
"1215",1,35,1,9,3
"1216",2,6,1,9,3
"1217",2,10,1,9,3
"1218",2,39,1,9,3
"1219",2,21,1,9,3
"1220",1,22,1,9,3
"1221",2,44,1,9,3
"1222",2,18,1,9,3
"1223",3,44,1,9,3
"1224",1,45,1,1,3
"1225",3,22,1,9,2
"1226",3,12,1,9,3
"1227",1,66,1,5,3
"1228",1,67,1,9,3
"1229",3,74,1,11,3
"1230",1,20,2,4,3
"1231",2,28,2,9,3
"1232",2,31,2,9,3
"1233",3,46,1,9,1
"1234",1,51,1,9,3
"1235",1,7,1,1,3
"1236",1,20,1,3,3
"1237",1,36,2,5,3
"1238",1,55,1,9,3
"1239",1,58,1,11,3
"1240",2,79,1,11,3
"1241",3,7,1,9,3
"1242",1,19,1,3,3
"1243",3,9,1,9,3
"1244",1,9,1,1,3
"1245",2,71,1,9,2
"1246",1,47,1,9,3
"1247",1,68,1,9,3
"1248",1,15,1,1,3
"1249",1,21,1,9,3
"1250",2,18,1,9,3
"1251",1,23,1,3,3
"1252",1,19,1,3,2
"1253",1,7,1,1,3
"1254",1,26,1,9,3
"1255",1,30,1,3,2
"1256",3,18,1,9,3
"1257",1,56,1,9,3
"1258",1,56,1,4,3
"1259",1,41,1,9,3
"1260",3,46,1,9,3
"1261",1,53,1,9,3
"1262",1,35,1,9,3
"1263",1,63,1,19,3
"1264",1,27,2,9,3
"1265",1,68,1,1,3
"1266",1,23,1,9,3
"1267",1,50,1,9,3
"1268",1,45,1,9,3
"1269",3,25,1,9,3
"1270",1,31,1,1,2
"1271",1,25,1,9,3
"1272",1,32,1,9,3
"1273",1,56,1,9,3
"1274",3,44,1,9,3
"1275",1,63,1,1,3
"1276",1,59,1,9,3
"1277",1,18,1,9,3
"1278",1,22,1,2,3
"1279",1,23,1,9,3
"1280",1,46,1,9,3
"1281",3,11,1,9,3
"1282",2,47,1,9,3
"1283",1,55,1,9,3
"1284",1,50,1,1,3
"1285",1,20,1,9,3
"1286",3,61,1,11,2
"1287",3,16,1,9,3
"1288",2,78,1,11,3
"1289",2,47,1,9,3
"1290",3,10,1,9,2
"1291",1,25,1,9,3
"1292",2,29,1,9,3
"1293",3,5,1,9,3
"1294",3,1,1,9,2
"1295",1,35,1,5,3
"1296",1,36,1,9,3
"1297",1,6,1,1,3
"1298",3,63,1,9,3
"1299",1,24,1,9,3
"1300",1,27,1,9,3
"1301",1,53,1,9,3
"1302",2,19,1,9,3
"1303",1,16,1,1,3
"1304",1,28,2,1,3
"1305",3,5,1,9,3
"1306",1,32,1,9,3
"1307",1,41,1,9,3
"1308",3,13,1,9,2
"1309",1,26,1,9,2
"1310",1,19,1,9,2
"1311",1,37,1,5,2
"1312",3,7,1,9,3
"1313",1,59,1,9,3
"1314",1,54,1,9,3
"1315",1,83,1,9,2
"1316",1,28,1,9,3
"1317",1,47,1,18,3
"1318",2,9,1,18,3
"1319",2,10,1,18,3
"1320",1,41,1,9,3
"1321",1,19,1,9,3
"1322",1,43,1,9,3
"1323",1,21,1,9,2
"1324",1,49,1,9,3
"1325",2,12,1,9,3
"1326",3,18,1,21,3
"1327",1,31,1,3,3
"1328",1,54,1,9,3
"1329",1,25,1,9,3
"1330",1,30,1,9,3
"1331",2,8,2,9,3
"1332",2,13,2,9,3
"1333",1,42,4,9,3
"1334",1,29,7,9,3
"1335",2,36,7,9,3
"1336",2,27,7,9,3
"1337",2,23,7,9,3
"1338",1,44,1,1,2
"1339",1,26,1,1,3
"1340",1,42,1,1,2
"1341",3,19,7,9,3
"1342",3,28,2,9,2
"1343",3,63,1,9,3
"1344",1,17,1,2,3
"1345",1,36,1,9,3
"1346",3,32,1,9,3
"1347",3,76,1,9,3
"1348",1,29,1,9,3
"1349",1,27,5,9,3
"1350",1,43,1,9,3
"1351",1,24,1,9,3
"1352",1,42,4,3,3
"1353",3,25,4,3,3
"1354",3,15,2,9,3
"1355",1,31,1,9,3
"1356",3,87,1,9,3
"1357",1,36,2,3,3
"1358",1,30,2,9,3
"1359",3,15,5,19,3
"1360",3,23,5,9,3
"1361",1,31,2,9,3
"1362",2,61,2,9,3
"1363",3,17,1,9,3
"1364",3,17,1,9,3
"1365",2,64,5,9,3
"1366",1,20,5,9,3
"1367",1,55,5,9,3
"1368",1,52,4,9,3
"1369",1,38,1,9,3
"1370",1,49,1,9,3
"1371",1,49,2,9,3
"1372",1,20,5,9,3
"1373",1,24,5,9,3
"1374",3,19,2,9,3
"1375",1,88,1,9,2
"1376",2,20,1,9,3
"1377",1,20,1,9,3
"1378",1,18,1,9,2
"1379",2,15,1,9,3
"1380",3,58,1,9,2
"1381",1,23,1,4,2
"1382",3,7,1,9,3
"1383",1,31,1,9,3
"1384",2,33,1,8,3
"1385",3,54,1,9,3
"1386",1,22,1,9,3
"1387",1,43,1,9,3
"1388",1,27,2,9,3
"1389",1,30,2,8,3
"1390",1,29,5,9,3
"1391",1,18,1,4,2
"1392",3,66,1,10,3
"1393",1,40,2,5,2
"1394",1,64,1,9,3
"1395",3,43,2,9,3
"1396",1,54,2,9,3
"1397",1,45,2,9,3
"1398",2,47,5,9,3
"1399",2,24,5,9,3
"1400",1,49,5,9,3
"1401",2,3,5,9,3
"1402",1,40,1,16,3
"1403",1,62,5,21,3
"1404",1,27,1,9,3
"1405",1,43,1,9,3
"1406",2,18,1,9,3
"1407",3,14,1,9,3
"1408",3,87,1,9,2
"1409",3,44,1,9,3
"1410",1,31,2,9,3
"1411",1,48,2,9,3
"1412",2,21,2,8,3
"1413",3,47,2,9,2
"1414",1,23,2,3,3
"1415",2,1,2,8,3
"1416",3,40,1,20,2
"1417",3,69,1,9,2
"1418",3,49,1,9,2
"1419",1,49,5,5,3
"1420",3,62,1,9,3
"1421",1,32,5,9,3
"1422",3,15,5,9,3
"1423",3,59,1,90,1
"1424",1,34,1,9,3
"1425",1,22,1,16,3
"1426",1,27,2,9,3
"1427",2,22,2,9,3
"1428",2,2,2,9,3
"1429",1,27,1,9,3
"1430",1,28,2,9,3
"1431",1,36,2,9,3
"1432",2,38,1,19,2
"1433",2,44,1,9,3
"1434",1,20,2,19,3
"1435",1,49,2,9,3
"1436",1,43,2,9,3
"1437",2,79,2,9,3
"1438",3,8,9,9,3
"1439",3,15,1,9,3
"1440",3,17,1,9,3
"1441",1,29,8,9,3
"1442",2,9,8,9,3
"1443",2,11,8,9,3
"1444",2,8,8,9,3
"1445",1,28,1,19,3
"1446",1,29,1,9,3
"1447",2,56,1,9,3
"1448",2,30,1,9,3
"1449",2,28,1,9,3
"1450",2,52,1,8,2
"1451",3,35,1,9,3
"1452",3,40,2,9,3
"1453",3,95,1,8,2
"1454",1,40,2,9,3
"1455",2,22,2,9,3
"1456",1,24,1,9,3
"1457",2,43,1,9,3
"1458",1,20,1,9,1
"1459",2,19,1,9,1
"1460",2,19,1,9,3
"1461",1,53,4,1,3
"1462",2,5,2,9,3
"1463",1,42,1,9,3
"1464",3,33,3,9,2
"1465",3,16,1,9,3
"1466",3,51,1,9,3
"1467",3,52,4,9,3
"1468",3,18,2,9,3
"1469",1,25,5,8,3
"1470",1,69,1,9,3
"1471",1,34,1,8,3
"1472",1,19,1,9,3
"1473",2,18,1,9,2
"1474",1,29,1,9,3
"1475",2,29,1,9,3
"1476",3,49,1,9,3
"1477",1,46,1,9,3
"1478",1,27,9,9,3
"1479",2,46,1,11,3
"1480",1,21,2,9,3
"1481",1,77,2,9,3
"1482",1,56,1,11,3
"1483",1,36,1,9,3
"1484",1,33,1,9,3
"1485",1,28,1,19,3
"1486",1,54,1,5,3
"1487",3,60,1,5,3
"1488",1,44,1,8,3
"1489",1,67,1,1,2
"1490",1,39,1,9,3
"1491",2,46,1,9,3
"1492",1,27,2,9,3
"1493",1,33,1,9,3
"1494",2,40,1,9,3
"1495",2,32,1,9,3
"1496",2,21,1,9,3
"1497",1,21,1,9,2
"1498",2,21,1,9,3
"1499",1,44,1,9,2
"1500",1,45,1,9,3
"1501",2,17,1,9,3
"1502",3,48,1,9,3
"1503",1,67,1,9,2
"1504",2,20,1,9,3
"1505",1,27,1,9,3
"1506",1,31,9,9,3
"1507",1,62,9,9,3
"1508",1,56,1,9,3
"1509",1,57,1,9,3
"1510",1,38,9,9,3
"1511",1,17,1,9,3
"1512",1,38,1,9,3
"1513",1,58,1,9,1
"1514",3,38,1,11,3
"1515",1,22,1,9,3
"1516",1,27,1,19,3
"1517",1,32,1,9,3
"1518",2,70,1,9,3
"1519",2,52,1,9,2
"1520",1,26,1,9,3
"1521",1,39,1,9,3
"1522",2,45,1,9,3
"1523",2,10,1,9,3
"1524",2,6,1,9,3
"1525",1,41,1,1,3
"1526",1,25,1,9,3
"1527",1,56,1,3,2
"1528",1,58,2,9,3
"1529",1,50,2,9,3
"1530",3,73,1,9,2
"1531",1,21,1,9,3
"1532",1,29,1,9,3
"1533",2,87,1,9,3
"1534",2,50,1,9,3
"1535",3,13,1,9,3
"1536",1,45,1,11,3
"1537",1,43,1,9,2
"1538",1,27,1,9,3
"1539",1,17,1,2,3
"1540",1,26,1,3,2
"1541",3,53,1,9,2
"1542",1,41,2,9,3
"1543",1,43,2,9,3
"1544",2,23,2,9,3
"1545",2,23,2,9,3
"1546",1,39,1,9,3
"1547",1,53,1,9,3
"1548",1,22,1,9,3
"1549",3,81,1,19,3
"1550",1,50,1,9,3
"1551",2,40,1,9,3
"1552",1,18,1,3,3
"1553",3,6,1,9,3
"1554",1,17,2,3,3
"1555",1,39,2,8,3
"1556",2,26,1,19,3
"1557",2,42,1,11,3
"1558",1,27,1,3,2
"1559",1,22,1,9,3
"1560",2,9,1,9,3
"1561",1,37,1,1,3
"1562",1,73,2,9,3
"1563",1,32,2,9,3
"1564",2,76,2,9,3
"1565",1,24,1,9,3
"1566",1,58,1,9,3
"1567",1,43,1,9,3
"1568",1,28,1,9,3
"1569",1,59,1,9,2
"1570",1,27,1,9,3
"1571",2,50,1,9,3
"1572",1,34,1,9,3
"1573",2,33,1,9,3
"1574",3,12,1,9,3
"1575",1,20,1,9,3
"1576",1,22,1,1,3
"1577",1,27,1,1,3
"1578",1,44,1,9,3
"1579",1,87,1,9,3
"1580",1,46,1,9,3
"1581",1,71,1,9,3
"1582",2,41,1,9,3
"1583",1,37,1,9,3
"1584",1,32,2,9,3
"1585",2,33,2,9,3
"1586",2,27,2,9,3
"1587",2,69,3,9,3
"1588",1,71,3,9,3
"1589",1,63,5,9,3
"1590",1,42,1,9,3
"1591",3,18,1,9,2
"1592",2,84,1,11,3
"1593",1,17,1,9,2
"1594",2,18,1,9,1
"1595",3,77,1,9,3
"1596",1,61,1,20,3
"1597",1,44,1,1,2
"1598",1,28,2,9,3
"1599",1,40,4,9,3
"1600",2,28,4,9,3
"1601",1,17,4,9,3
"1602",1,61,1,9,3
"1603",1,48,1,9,3
"1604",3,81,1,9,2
"1605",1,24,1,3,3
"1606",1,18,1,2,3
"1607",1,54,1,9,3
"1608",2,20,1,9,3
"1609",3,15,1,9,3
"1610",1,20,1,9,3
"1611",1,36,1,9,3
"1612",1,44,1,1,3
"1613",1,40,4,5,2
"1614",1,24,1,9,3
"1615",1,47,1,9,3
"1616",1,22,1,5,3
"1617",3,10,1,9,3
"1618",1,51,1,9,3
"1619",2,20,1,9,3
"1620",2,21,1,9,3
"1621",2,27,1,9,3
"1622",2,18,1,9,3
"1623",1,24,1,5,2
"1624",1,16,1,1,3
"1625",1,18,1,9,3
"1626",2,24,1,9,3
"1627",1,28,1,9,3
"1628",1,56,1,5,2
"1629",2,47,1,5,3
"1630",2,23,1,9,2
"1631",1,26,1,1,3
"1632",1,7,1,1,3
"1633",1,78,1,9,2
"1634",2,17,1,9,3
"1635",1,18,1,9,3
"1636",3,10,1,9,3
"1637",3,6,1,9,3
"1638",3,29,1,9,3
"1639",3,40,1,9,3
"1640",1,30,1,9,3
"1641",1,52,1,5,3
"1642",1,25,2,9,3
"1643",2,33,2,9,3
"1644",1,40,1,9,3
"1645",1,22,1,9,3
"1646",2,22,1,9,3
"1647",1,43,1,9,3
"1648",1,27,1,9,3
"1649",2,30,1,11,3
"1650",2,30,1,9,3
"1651",3,34,2,9,2
"1652",1,27,2,9,3
"1653",2,39,2,9,3
"1654",1,55,2,9,3
"1655",2,45,2,9,3
"1656",1,36,1,2,2
"1657",1,38,1,9,3
"1658",2,37,1,9,3
"1659",2,24,1,9,3
"1660",1,26,1,9,3
"1661",2,67,1,9,3
"1662",1,70,1,9,3
"1663",1,42,1,1,3
"1664",3,11,1,9,3
"1665",1,70,1,1,3
"1666",1,23,1,9,3
"1667",2,32,1,9,3
"1668",1,54,1,9,3
"1669",1,53,1,9,3
"1670",1,11,1,1,2
"1671",1,49,1,5,3
"1672",3,26,1,9,3
"1673",1,33,1,9,3
"1674",1,57,1,3,3
"1675",2,48,1,9,3
"1676",2,19,1,8,3
"1677",1,38,1,1,3
"1678",3,61,1,8,3
"1679",1,82,1,9,3
"1680",2,78,1,9,3
"1681",2,11,5,9,3
"1682",1,42,5,9,3
"1683",2,17,2,9,3
"1684",2,13,2,9,3
"1685",1,46,2,9,3
"1686",3,16,1,5,3
"1687",2,15,1,9,3
"1688",1,33,1,9,2
"1689",2,33,1,9,3
"1690",1,19,2,9,3
"1691",1,55,2,11,3
"1692",2,27,2,11,3
"1693",1,25,2,2,3
"1694",1,69,1,9,3
"1695",1,27,1,9,3
"1696",1,76,1,9,3
"1697",2,68,1,9,2
"1698",1,49,1,5,3
"1699",1,16,1,2,3
"1700",1,24,1,9,3
"1701",2,38,1,9,3
"1702",2,11,1,9,3
"1703",2,9,1,9,3
"1704",2,12,1,9,3
"1705",1,58,1,9,3
"1706",3,41,1,9,2
"1707",3,60,1,9,3
"1708",1,47,1,9,3
"1709",1,49,1,9,3
"1710",1,55,1,9,3
"1711",2,98,1,9,3
"1712",1,27,1,9,2
"1713",2,18,1,9,2
"1714",1,21,1,9,1
"1715",2,24,1,9,2
"1716",3,32,1,9,2
"1717",2,17,1,9,3
"1718",1,17,1,9,3
"1719",2,87,1,9,3
"1720",3,8,1,9,2
"1721",1,43,1,9,3
"1722",2,22,1,9,3
"1723",2,23,1,9,3
"1724",1,23,1,19,3
"1725",3,57,1,9,2
"1726",1,32,1,1,3
"1727",1,20,1,9,3
"1728",3,44,1,9,3
"1729",1,18,1,9,2
"1730",1,23,1,9,3
"1731",2,22,1,9,3
"1732",1,37,1,9,2
"1733",1,54,1,1,2
"1734",1,33,1,1,3
"1735",1,40,1,5,3
"1736",1,28,1,9,3
"1737",1,18,1,9,3
"1738",1,67,1,9,3
"1739",3,84,1,9,2
"1740",1,54,1,5,2
"1741",1,55,1,1,3
"1742",2,37,2,9,3
"1743",1,17,1,2,3
"1744",3,63,1,9,2
"1745",1,36,1,9,3
"1746",2,37,1,9,3
"1747",2,45,1,9,3
"1748",1,51,1,9,3
"1749",3,16,1,9,3
"1750",1,22,1,9,3
"1751",2,28,1,9,3
"1752",2,51,2,9,2
"1753",1,42,2,9,2
"1754",2,30,2,9,3
"1755",2,5,2,9,3
"1756",2,3,2,9,3
"1757",1,26,2,9,3
"1758",1,36,1,1,3
"1759",1,66,1,1,2
"1760",3,35,1,9,3
"1761",1,44,1,1,3
"1762",1,59,1,9,3
"1763",3,17,1,9,2
"1764",3,14,1,9,3
"1765",2,83,1,9,3
"1766",1,51,1,1,2
"1767",2,40,1,9,3
"1768",1,46,1,9,2
"1769",1,24,1,9,3
"1770",1,23,2,1,3
"1771",3,51,1,9,3
"1772",1,58,1,9,3
"1773",3,8,1,11,2
"1774",1,27,1,9,3
"1775",3,3,1,9,3
"1776",3,49,1,9,3
"1777",1,63,1,9,3
"1778",1,47,1,9,3
"1779",1,19,1,9,3
"1780",2,19,1,9,3
"1781",1,70,1,9,3
"1782",3,13,1,9,3
"1783",3,89,1,20,3
"1784",1,29,1,9,3
"1785",2,29,1,9,3
"1786",1,41,1,1,3
"1787",1,29,1,19,3
"1788",1,69,1,9,3
"1789",1,46,1,1,3
"1790",1,44,1,5,3
"1791",2,43,1,5,3
"1792",1,37,1,9,3
"1793",2,34,1,9,3
"1794",3,8,1,9,3
"1795",1,28,1,1,2
"1796",2,6,2,9,3
"1797",1,47,1,1,3
"1798",3,4,1,9,2
"1799",3,15,1,9,3
"1800",1,17,1,2,3
"1801",3,1,1,9,3
"1802",1,31,1,9,3
"1803",2,30,1,9,2
"1804",2,15,1,8,3
"1805",1,46,1,3,2
"1806",2,16,1,8,3
"1807",1,41,1,9,3
"1808",1,54,1,9,3
"1809",1,15,1,1,3
"1810",1,60,2,2,2
"1811",1,21,1,9,3
"1812",2,30,1,9,3
"1813",1,25,1,9,3
"1814",1,38,1,9,3
"1815",2,15,1,9,3
"1816",1,48,1,19,3
"1817",1,82,1,1,3
"1818",1,51,2,90,3
"1819",1,39,1,9,3
"1820",1,26,1,9,3
"1821",1,49,2,1,3
"1822",1,31,1,3,3
"1823",1,39,1,1,2
"1824",1,34,2,9,2
"1825",3,33,1,9,3
"1826",2,25,1,9,3
"1827",1,29,2,9,3
"1828",2,24,2,9,3
"1829",2,21,1,9,3
"1830",2,13,1,9,3
"1831",1,25,1,9,3
"1832",1,53,1,19,3
"1833",1,54,1,9,3
"1834",1,42,1,9,3
"1835",3,19,1,9,3
"1836",1,66,1,90,3
"1837",3,53,1,9,3
"1838",1,55,1,9,3
"1839",1,45,1,1,2
"1840",2,6,1,9,3
"1841",3,10,1,9,3
"1842",2,12,1,9,3
"1843",2,11,1,9,3
"1844",1,25,1,9,3
"1845",2,38,1,9,3
"1846",2,43,1,8,3
"1847",2,40,1,8,2
"1848",1,54,1,8,2
"1849",3,78,1,9,3
"1850",1,24,1,9,3
"1851",3,45,1,11,2
"1852",1,40,1,9,3
"1853",2,9,1,9,3
"1854",3,36,1,9,3
"1855",1,26,3,3,2
"1856",1,54,1,1,3
"1857",2,6,1,9,3
"1858",1,21,1,1,3
"1859",2,52,1,9,3
"1860",1,79,1,9,2
"1861",2,78,1,9,2
"1862",1,51,1,9,3
"1863",3,11,1,9,3
"1864",1,29,1,9,3
"1865",3,2,1,9,2
"1866",1,66,1,9,3
"1867",1,48,1,1,2
"1868",2,60,1,9,3
"1869",1,28,1,9,3
"1870",1,20,1,9,3
"1871",1,64,1,9,3
"1872",1,42,1,21,3
"1873",1,39,1,9,3
"1874",1,19,1,9,3
"1875",2,24,1,9,3
"1876",2,41,1,9,3
"1877",2,17,1,9,3
"1878",3,57,1,9,3
"1879",1,35,1,1,3
"1880",1,57,1,1,2
"1881",1,43,1,19,2
"1882",2,25,1,5,3
"1883",1,22,1,5,2
"1884",1,12,1,1,3
"1885",3,43,1,9,3
"1886",3,10,2,9,3
"1887",1,17,7,9,3
"1888",1,62,7,9,3
"1889",1,41,7,4,3
"1890",1,43,2,9,3
"1891",1,63,2,9,3
"1892",3,6,1,9,3
"1893",1,41,5,9,3
"1894",1,32,1,9,3
"1895",2,30,1,9,3
"1896",3,12,1,11,2
"1897",3,11,1,9,3
"1898",1,41,1,9,3
"1899",3,33,1,9,3
"1900",1,21,1,5,3
"1901",1,23,1,9,3
"1902",2,14,2,9,3
"1903",2,16,2,9,3
"1904",3,4,1,9,2
"1905",3,8,1,9,2
"1906",1,23,1,1,3
"1907",1,21,1,9,3
"1908",1,18,5,3,3
"1909",1,27,1,9,3
"1910",3,63,1,9,1
"1911",1,25,1,1,3
"1912",1,33,1,9,3
"1913",1,49,1,9,3
"1914",2,62,1,9,3
"1915",1,56,1,9,3
"1916",1,23,1,9,3
"1917",1,22,1,9,2
"1918",1,17,1,2,2
"1919",1,31,1,9,3
"1920",2,41,1,9,3
"1921",2,34,1,9,3
"1922",1,72,1,9,3
"1923",1,49,1,1,3
"1924",2,53,1,19,2
"1925",2,25,1,19,3
"1926",1,48,1,19,3
"1927",3,57,1,9,3
"1928",1,19,1,9,3
"1929",2,21,1,9,3
"1930",1,37,1,9,3
"1931",2,60,1,9,3
"1932",1,18,1,3,3
"1933",1,21,1,9,2
"1934",2,22,1,9,3
"1935",1,40,1,1,3
"1936",1,33,1,2,3
"1937",3,11,1,9,3
"1938",1,19,2,9,3
"1939",1,58,2,9,3
"1940",2,14,2,9,3
"1941",1,37,1,9,3
"1942",1,18,1,2,3
"1943",3,67,1,9,3
"1944",3,46,1,9,3
"1945",2,7,1,9,3
"1946",2,21,1,9,3
"1947",2,2,1,9,3
"1948",2,32,1,9,3
"1949",1,42,1,9,3
"1950",2,20,1,9,3
"1951",2,11,1,9,2
"1952",1,43,1,9,3
"1953",1,31,2,9,3
"1954",1,48,1,9,3
"1955",2,17,1,9,3
"1956",1,43,1,5,3
"1957",1,27,1,1,3
"1958",1,22,1,9,3
"1959",2,36,1,9,3
"1960",1,78,1,9,3
"1961",1,77,1,9,3
"1962",2,70,1,9,3
"1963",1,21,1,9,3
"1964",1,30,1,9,3
"1965",2,28,1,8,3
"1966",2,24,1,9,3
"1967",2,26,1,8,3
"1968",1,18,2,3,2
"1969",1,34,1,9,3
"1970",1,22,2,5,3
"1971",2,19,1,9,3
"1972",1,18,1,9,3
"1973",1,20,1,9,2
"1974",3,30,1,9,3
"1975",1,34,9,4,3
"1976",1,20,1,9,3
"1977",1,22,1,9,3
"1978",3,89,1,19,3
"1979",3,90,1,19,3
"1980",3,19,7,9,2
"1981",2,26,7,9,3
"1982",2,23,7,9,3
"1983",2,48,7,9,3
"1984",1,42,7,9,3
"1985",1,55,7,19,3
"1986",1,55,7,9,3
"1987",1,59,7,8,3
"1988",2,42,2,9,3
"1989",2,20,2,9,3
"1990",2,18,2,9,3
"1991",1,78,1,9,3
"1992",1,59,1,9,3
"1993",1,34,1,5,2
"1994",1,38,1,5,3
"1995",3,60,1,21,3
"1996",3,67,1,11,2
"1997",3,79,1,9,2
"1998",3,38,1,9,3
"1999",1,75,1,9,3
"2000",2,75,1,9,3
"2001",3,20,1,9,2
"2002",1,25,1,5,2
"2003",1,32,5,20,2
"2004",1,44,5,1,2
"2005",1,29,2,9,3
"2006",1,46,2,9,3
"2007",1,29,2,9,3
"2008",3,80,2,4,2
"2009",2,41,2,4,3
"2010",1,28,2,9,3
"2011",3,58,1,19,2
"2012",1,36,1,1,2
"2013",1,19,5,9,3
"2014",1,44,5,9,3
"2015",2,32,5,9,3
"2016",2,19,5,9,3
"2017",1,24,2,3,3
"2018",1,22,2,3,3
"2019",1,31,2,3,3
"2020",1,57,2,9,3
"2021",1,24,2,9,3
"2022",1,23,5,9,3
"2023",3,26,5,9,3
"2024",1,44,5,11,3
"2025",1,30,2,9,3
"2026",3,10,2,9,3
"2027",1,37,2,21,3
"2028",1,34,4,9,3
"2029",1,32,1,9,3
"2030",3,68,5,9,3
"2031",1,74,5,9,3
"2032",2,81,5,9,3
"2033",1,64,1,9,3
"2034",1,42,2,8,3
"2035",2,56,2,8,3
"2036",2,53,2,8,3
"2037",1,25,1,9,3
"2038",2,24,1,9,3
"2039",2,21,1,9,3
"2040",1,52,1,9,3
"2041",2,66,1,9,3
"2042",1,21,1,9,3
"2043",1,32,3,9,3
"2044",2,24,1,9,3
"2045",2,25,1,9,3
"2046",1,29,1,9,3
"2047",3,53,9,9,3
"2048",1,36,1,9,3
"2049",1,39,1,9,3
"2050",1,25,1,9,3
"2051",3,5,1,9,3
"2052",1,34,1,9,2
"2053",2,34,1,9,2
